Ауди а4 б7 2.0 tdi,176 516 грн.,https://www.olx.ua/uk/obyavlenie/audi-a4-b7-2-0-tdi-IDEIyrP.html#c890172227;promoted
Ауди 100,86 900 грн.,https://www.olx.ua/uk/obyavlenie/audi-100-IDIf3vF.html#c890172227
"Audi A 6.Автомат,2.5 дизель.2700$",73 322 грн.,https://www.olx.ua/uk/obyavlenie/audi-a-6-avtomat-2-5-dizel-2700-IDIfeOq.html#c890172227
Пподам audi a3,597 411 грн.,https://www.olx.ua/uk/obyavlenie/ppodam-audi-a3-IDIgCjZ.html#c890172227;promoted
Ауди А6,Обмін,https://www.olx.ua/uk/obyavlenie/audi-a6-IDIxeuM.html#c890172227
Audi A6  3800$,99 999 грн.,https://www.olx.ua/uk/obyavlenie/audi-a6-3800-IDI1V67.html#c890172227;promoted
Audi A4 B9 (252лс),594 723 грн.,https://www.olx.ua/uk/obyavlenie/audi-a4-b9-252ls-IDHzCK6.html#c890172227;promoted
Продам Ауди,184 663 грн.,https://www.olx.ua/uk/obyavlenie/prodam-audi-IDIxcHB.html#c890172227
ауди а4,133 066 грн.,https://www.olx.ua/uk/obyavlenie/audi-a4-IDIxdHX.html#c890172227
Продам деталі ауді 80 б3 1.8 моноінжектор 1991р,27 156 грн.,https://www.olx.ua/uk/obyavlenie/prodam-detal-aud-80-b3-1-8-mononzhektor-1991r-IDIeKsN.html#c890172227
Ауди 80,46 166 грн.,https://www.olx.ua/uk/obyavlenie/audi-80-IDIxdxr.html#c890172227
Продам хороше авто,48 881 грн.,https://www.olx.ua/uk/obyavlenie/prodam-horoshe-avto-IDIxdiQ.html#c890172227
Audi Q5 Premium Plus s-line Ауди 2016,271 563 грн.,https://www.olx.ua/uk/obyavlenie/audi-q5-premium-plus-s-line-audi-2016-IDIkIKV.html#c890172227
Продам Audi a4,62 459 грн.,https://www.olx.ua/uk/obyavlenie/prodam-audi-a4-IDIk3iA.html#c890172227;promoted
"СВІЖОПРИГНАНА Audi Q5 2.0T Quaatro, пам'ять сидінь, підігрів, КРЕДИТ",917 883 грн.,https://www.olx.ua/uk/obyavlenie/svzhoprignana-audi-q5-2-0t-quaatro-pamyat-sidn-pdgrv-kredit-IDIoh4G.html#c890172227;promoted
Audi Q5 Ауди Кью 5 2010,108 625 грн.,https://www.olx.ua/uk/obyavlenie/audi-q5-audi-kyu-5-2010-IDIkIEi.html#c890172227
Audi A4 2019 2.0 бензин Рейсталінг,719 642 грн.,https://www.olx.ua/uk/obyavlenie/audi-a4-2019-2-0-benzin-reystalng-IDIxd7x.html#c890172227;promoted
Audi Q8 50 TDI S-Line,2 118 191 грн.,https://www.olx.ua/uk/obyavlenie/audi-q8-50-tdi-s-line-IDItfUL.html#c890172227
Ауди А6С5,136 000 грн.,https://www.olx.ua/uk/obyavlenie/audi-a6s5-IDHMFWd.html#c890172227
Audi Q5 TDI Premium Plus Ауди 2014,200 957 грн.,https://www.olx.ua/uk/obyavlenie/audi-q5-tdi-premium-plus-audi-2014-IDIkIyV.html#c890172227
Audi A6,130 350 грн.,https://www.olx.ua/uk/obyavlenie/audi-a6-IDIrHrc.html#c890172227;promoted
Продам або обміняю ауді 100,48 881 грн.,https://www.olx.ua/uk/obyavlenie/prodam-abo-obmnyayu-aud-100-IDGHqFi.html#c890172227
Продам Audi A4 S-line,190 094 грн.,https://www.olx.ua/uk/obyavlenie/prodam-audi-a4-s-line-IDI7qwf.html#c890172227;promoted
Ауди q7,801 111 грн.,https://www.olx.ua/uk/obyavlenie/audi-q7-IDIuMC4.html#c890172227;promoted
Audi A6 C6 quattro 3.0 TDI 2006 г. в.,157 507 грн.,https://www.olx.ua/uk/obyavlenie/audi-a6-c6-quattro-3-0-tdi-2006-g-v-IDIxcp5.html#c890172227
Продам AUDI A6,62 459 грн.,https://www.olx.ua/uk/obyavlenie/prodam-audi-a6-IDIxclN.html#c890172227
ауди 80,108 625 грн.,https://www.olx.ua/uk/obyavlenie/audi-80-IDIfhcO.html#c890172227
AUDI A6 Quattro 3.0D,589 292 грн.,https://www.olx.ua/uk/obyavlenie/audi-a6-quattro-3-0d-IDIxc2F.html#c890172227
Audi a3,32 588 грн.,https://www.olx.ua/uk/obyavlenie/audi-a3-IDIxbzd.html#c890172227
Продам Ауді а6с5,168 369 грн.,https://www.olx.ua/uk/obyavlenie/prodam-aud-a6s5-IDImt6A.html#c890172227;promoted
Audi A4 B9,592 007 грн.,https://www.olx.ua/uk/obyavlenie/audi-a4-b9-IDH99WF.html#c890172227
Audi a6 Allroad 2002,92 331 грн.,https://www.olx.ua/uk/obyavlenie/audi-a6-allroad-2002-IDIxb7K.html#c890172227;promoted
Розбераю,10 000 грн.,https://www.olx.ua/uk/obyavlenie/rozberayu-IDGBLZH.html#c890172227
"Audi A4 Quattro 2.0TDI 2017, Автомат, Навігація, Клімат, Ксенони",549 627 грн.,https://www.olx.ua/uk/obyavlenie/audi-a4-quattro-2-0tdi-2017-avtomat-navgatsya-klmat-ksenoni-IDGPYyu.html#c890172227
Audi A6C5 quattro,176 516 грн.,https://www.olx.ua/uk/obyavlenie/audi-a6c5-quattro-IDIxal3.html#c890172227
Ауді А4,42 092 грн.,https://www.olx.ua/uk/obyavlenie/aud-a4-IDIxa1j.html#c890172227
Audi a3,176 516 грн.,https://www.olx.ua/uk/obyavlenie/audi-a3-IDIb9d9.html#c890172227;promoted
Audi A6 1995р. 2.6АВС,122 203 грн.,https://www.olx.ua/uk/obyavlenie/audi-a6-1995r-2-6avs-IDIiJmv.html#c890172227;promoted
Продам аydi a4 b6,141 213 грн.,https://www.olx.ua/uk/obyavlenie/prodam-aydi-a4-b6-IDFNMyL.html#c890172227
Audi 100 c4,81 469 грн.,https://www.olx.ua/uk/obyavlenie/audi-100-c4-IDIuHbC.html#e8f69812f5;promoted
Audi a6 c5,190 094 грн.,https://www.olx.ua/uk/obyavlenie/audi-a6-c5-IDHDG49.html#e8f69812f5
Audi A7,1 083 536 грн.,https://www.olx.ua/uk/obyavlenie/audi-a7-IDG5tMI.html#e8f69812f5
Продам Audi A4 2.5 tdi,95 047 грн.,https://www.olx.ua/uk/obyavlenie/prodam-audi-a4-2-5-tdi-IDIv2R5.html#e8f69812f5
авто в гарному стані деталі по телефону,95 000 грн.,https://www.olx.ua/uk/obyavlenie/avto-v-garnomu-stan-detal-po-telefonu-IDIx9d8.html#e8f69812f5
Ауді А6,50 239 грн.,https://www.olx.ua/uk/obyavlenie/aud-a6-IDIx8Zr.html#e8f69812f5
2015 Audi Q5,662 614 грн.,https://www.olx.ua/uk/obyavlenie/2015-audi-q5-IDI7Haz.html#e8f69812f5
Audi 100 c3,52 000 грн.,https://www.olx.ua/uk/obyavlenie/audi-100-c3-IDIwVnh.html#e8f69812f5;promoted
Ауди 80 b3 возможен обмен,86 900 грн.,https://www.olx.ua/uk/obyavlenie/audi-80-b3-vozmozhen-obmen-IDFZyH4.html#e8f69812f5
Audi A4,Обмін,https://www.olx.ua/uk/obyavlenie/audi-a4-IDIgZIG.html#e8f69812f5
Ауди А6 С7,404 629 грн.,https://www.olx.ua/uk/obyavlenie/audi-a6-s7-IDIx8ea.html#e8f69812f5
Audi APR ST3,339 454 грн.,https://www.olx.ua/uk/obyavlenie/audi-apr-st3-IDHNhix.html#e8f69812f5;promoted
Audi A4,125 000 грн.,https://www.olx.ua/uk/obyavlenie/audi-a4-IDHb8Uc.html#e8f69812f5
Продам Ауди А6 с5,Обмін,https://www.olx.ua/uk/obyavlenie/prodam-audi-a6-s5-IDIx7U1.html#e8f69812f5
Ауди а4 в5 рестайл 1.9тди 85квт. Уже кусками ( читайте описание ),24 441 грн.,https://www.olx.ua/uk/obyavlenie/audi-a4-v5-restayl-1-9tdi-85kvt-uzhe-kuskami-chitayte-opisanie-IDD5Ec1.html#e8f69812f5
Audi Q5 Premium 2014,162 938 грн.,https://www.olx.ua/uk/obyavlenie/audi-q5-premium-2014-IDIkClI.html#e8f69812f5
Продам власну А4 В6 з надійним 1.9 тді AWX\AVF !,164 296 грн.,https://www.olx.ua/uk/obyavlenie/prodam-vlasnu-a4-v6-z-nadynim-1-9-td-awx-avf-IDHuzcJ.html#e8f69812f5
Audi Q5 PRESTIGE 2012,366 610 грн.,https://www.olx.ua/uk/obyavlenie/audi-q5-prestige-2012-IDIx7ab.html#e8f69812f5
Audi 100,135 782 грн.,https://www.olx.ua/uk/obyavlenie/audi-100-IDIsQVB.html#e8f69812f5
Audi Q7 4.2 FSI BAR 350л.с.,377 473 грн.,https://www.olx.ua/uk/obyavlenie/audi-q7-4-2-fsi-bar-350l-s-IDIkBJR.html#e8f69812f5;promoted
Ауди а6 с5 2.5,38 019 грн.,https://www.olx.ua/uk/obyavlenie/audi-a6-s5-2-5-IDIx6y5.html#e8f69812f5
AUDI A6 Quattro,97 763 грн.,https://www.olx.ua/uk/obyavlenie/audi-a6-quattro-IDIpKID.html#e8f69812f5;promoted
Продаю,27 156 грн.,https://www.olx.ua/uk/obyavlenie/prodayu-IDInJxw.html#e8f69812f5;promoted
Audi A6 Sline 2.0TDI 7ст АКПП,380 161 грн.,https://www.olx.ua/uk/obyavlenie/audi-a6-sline-2-0tdi-7st-akpp-IDGCTya.html#e8f69812f5
Audi 100 2.3 газ бенз,54 285 грн.,https://www.olx.ua/uk/obyavlenie/audi-100-2-3-gaz-benz-IDIx61F.html#e8f69812f5
Audi 100 C3,42 092 грн.,https://www.olx.ua/uk/obyavlenie/audi-100-c3-IDIt4ta.html#e8f69812f5;promoted
Ауді 100 c4,103 194 грн.,https://www.olx.ua/uk/obyavlenie/aud-100-c4-IDIx5yC.html#e8f69812f5
Audi A6 C6,244 407 грн.,https://www.olx.ua/uk/obyavlenie/audi-a6-c6-IDIx5ym.html#e8f69812f5
Audi Q8 Premium Plus Ауди 2019,852 708 грн.,https://www.olx.ua/uk/obyavlenie/audi-q8-premium-plus-audi-2019-IDIkAxV.html#e8f69812f5
Audi a6 c6 3.0TDI quattro,105 910 грн.,https://www.olx.ua/uk/obyavlenie/audi-a6-c6-3-0tdi-quattro-IDIwSJv.html#e8f69812f5;promoted
Audi Q7 Prestige Ауди 2019,820 120 грн.,https://www.olx.ua/uk/obyavlenie/audi-q7-prestige-audi-2019-IDIkAqa.html#e8f69812f5
Продам audi a6 бензин 2.4,46 166 грн.,https://www.olx.ua/uk/obyavlenie/prodam-audi-a6-benzin-2-4-IDIx5js.html#e8f69812f5
Audi a6,156 149 грн.,https://www.olx.ua/uk/obyavlenie/audi-a6-IDIk70y.html#e8f69812f5;promoted
Audi A3 Premium 2016,176 516 грн.,https://www.olx.ua/uk/obyavlenie/audi-a3-premium-2016-IDIkAdL.html#e8f69812f5
Ауди А 6,97 763 грн.,https://www.olx.ua/uk/obyavlenie/audi-a-6-IDeRyw0.html#e8f69812f5
Audi 80,21 725 грн.,https://www.olx.ua/uk/obyavlenie/audi-80-IDIx4TS.html#e8f69812f5
Audi a4 2016,339 454 грн.,https://www.olx.ua/uk/obyavlenie/audi-a4-2016-IDIx4Qp.html#e8f69812f5
AUDI Q7 комплектация PREMIUM 2014 год,442 648 грн.,https://www.olx.ua/uk/obyavlenie/audi-q7-komplektatsiya-premium-2014-god-IDIwK7f.html#e8f69812f5;promoted
Audi A4 2.5 TDI S-line,95 047 грн.,https://www.olx.ua/uk/obyavlenie/audi-a4-2-5-tdi-s-line-IDFoujs.html#e8f69812f5
Audi a5,611 017 грн.,https://www.olx.ua/uk/obyavlenie/audi-a5-IDIweHW.html#0af6146763;promoted
Ауди Кью 5 AUDI Q5 PREMIUM 2012,149 360 грн.,https://www.olx.ua/uk/obyavlenie/audi-kyu-5-audi-q5-premium-2012-IDIkz9w.html#0af6146763
Продам Audi A5 S-line,296 004 грн.,https://www.olx.ua/uk/obyavlenie/prodam-audi-a5-s-line-IDIx3Xs.html#0af6146763
Ауди А 3 AUDI A3 2018,238 975 грн.,https://www.olx.ua/uk/obyavlenie/audi-a-3-audi-a3-2018-IDIkyPb.html#0af6146763
Audi Q7 4.2 Проводка двигателя салона балка уплотнитель двери порога,209 104 грн.,https://www.olx.ua/uk/obyavlenie/audi-q7-4-2-provodka-dvigatelya-salona-balka-uplotnitel-dveri-poroga-IDIx3uR.html#0af6146763
2016 AUDI A4 PREMIUM PLUS/S-Line(авто из США),200 957 грн.,https://www.olx.ua/uk/obyavlenie/2016-audi-a4-premium-plus-s-lineavto-iz-ssha-IDIetZH.html#0af6146763
2015 AUDI A4 Allroad PREMIUM(авто из США),206 388 грн.,https://www.olx.ua/uk/obyavlenie/2015-audi-a4-allroad-premiumavto-iz-ssha-IDIeuGY.html#0af6146763
2019 Audi Q5 PREMIUM Plus(авто из США),429 070 грн.,https://www.olx.ua/uk/obyavlenie/2019-audi-q5-premium-plusavto-iz-ssha-IDIewgu.html#0af6146763
2014 Audi Q7 PREMIUM(авто из США),241 691 грн.,https://www.olx.ua/uk/obyavlenie/2014-audi-q7-premiumavto-iz-ssha-IDIewUK.html#0af6146763
2019 Audi Q7 PRESTIGE(авто из США),795 680 грн.,https://www.olx.ua/uk/obyavlenie/2019-audi-q7-prestigeavto-iz-ssha-IDIevV9.html#0af6146763
2019 Audi Q8 PRESTIGE S-line(авто из США),1 002 067 грн.,https://www.olx.ua/uk/obyavlenie/2019-audi-q8-prestige-s-lineavto-iz-ssha-IDIexHT.html#0af6146763
"Продам А8 W12 6.3 в отличном состоянии, возможен кредит",773 955 грн.,https://www.olx.ua/uk/obyavlenie/prodam-a8-w12-6-3-v-otlichnom-sostoyanii-vozmozhen-kredit-IDIwQmF.html#0af6146763;promoted
Автомобіль Aud,111 341 грн.,https://www.olx.ua/uk/obyavlenie/avtomobl-aud-IDIgWw0.html#0af6146763;promoted
Продам АудіА6,244 407 грн.,https://www.olx.ua/uk/obyavlenie/prodam-auda6-IDHnBWs.html#0af6146763;promoted
ауди100 Авто мае задовільний стан нержава на ходу. По тех .паспорту.,46 166 грн.,https://www.olx.ua/uk/obyavlenie/audi100-avto-mae-zadovlniy-stan-nerzhava-na-hodu-po-teh-pasportu-IDI3pMW.html#0af6146763
Audi A6c6 Allroud,331 307 грн.,https://www.olx.ua/uk/obyavlenie/audi-a6c6-allroud-IDGRAXa.html#0af6146763
Продам Audi Q3 (Premium Plus) реслайл Киев.,665 329 грн.,https://www.olx.ua/uk/obyavlenie/prodam-audi-q3-premium-plus-reslayl-kiev-IDHmQgE.html#0af6146763;promoted
Audi a6 c5 avant,78 000 грн.,https://www.olx.ua/uk/obyavlenie/audi-a6-c5-avant-IDIbVLe.html#0af6146763
Ауди а4 б5,40 500 грн.,https://www.olx.ua/uk/obyavlenie/audi-a4-b5-IDIwPF5.html#0af6146763;promoted
Audi 100,119 488 грн.,https://www.olx.ua/uk/obyavlenie/audi-100-IDIx2sY.html#0af6146763
Audi Q7 Premium Plus 2014,597 439 грн.,https://www.olx.ua/uk/obyavlenie/audi-q7-premium-plus-2014-IDIspdl.html#0af6146763;promoted
Audi A6 C6 3.0 газ. Quattro 2006,243 049 грн.,https://www.olx.ua/uk/obyavlenie/audi-a6-c6-3-0-gaz-quattro-2006-IDHJly4.html#0af6146763;promoted
Ауди а3,40 734 грн.,https://www.olx.ua/uk/obyavlenie/audi-a3-IDEFkra.html#0af6146763
2019 AUDI Q7 PRESTIGE | (Авто из США),795 680 грн.,https://www.olx.ua/uk/obyavlenie/2019-audi-q7-prestige-avto-iz-ssha-IDGcUKT.html#0af6146763
2019 AUDI Q8 PRESTIGE S-Line (Авто из США),1 534 331 грн.,https://www.olx.ua/uk/obyavlenie/2019-audi-q8-prestige-s-line-avto-iz-ssha-IDGcW5x.html#0af6146763
2015 AUDI A4 PREMIUM Plus (Авто из США),209 104 грн.,https://www.olx.ua/uk/obyavlenie/2015-audi-a4-premium-plus-avto-iz-ssha-IDCKCEm.html#0af6146763
Ауди газ/бен,145 286 грн.,https://www.olx.ua/uk/obyavlenie/audi-gaz-ben-IDHJUl7.html#0af6146763
Продам,143 928 грн.,https://www.olx.ua/uk/obyavlenie/prodam-IDIx1lP.html#0af6146763
Продам Ауди 80,81 469 грн.,https://www.olx.ua/uk/obyavlenie/prodam-audi-80-IDIeLpT.html#0af6146763
Продам Авто,611 017 грн.,https://www.olx.ua/uk/obyavlenie/prodam-avto-IDHfFLj.html#0af6146763
Продам хороше авто),135 782 грн.,https://www.olx.ua/uk/obyavlenie/prodam-horoshe-avto-IDI2ekZ.html#0af6146763
"AUDI A6 C6, Quattro, 2004",233 544 грн.,https://www.olx.ua/uk/obyavlenie/audi-a6-c6-quattro-2004-IDHpQoU.html#0af6146763
Продам автомобиль Ауди Q7 4.2,692 486 грн.,https://www.olx.ua/uk/obyavlenie/prodam-avtomobil-audi-q7-4-2-IDFkkgV.html#0af6146763
Продам автомобіль Audi,97 763 грн.,https://www.olx.ua/uk/obyavlenie/prodam-avtomobl-audi-IDsGqa6.html#0af6146763;promoted
audi a6 2006г,268 847 грн.,https://www.olx.ua/uk/obyavlenie/audi-a6-2006g-IDHrHN3.html#0af6146763;promoted
Ауди а4,40 734 грн.,https://www.olx.ua/uk/obyavlenie/audi-a4-IDIx0d2.html#0af6146763
Ауди А6,86 900 грн.,https://www.olx.ua/uk/obyavlenie/audi-a6-IDIx03Q.html#0af6146763
Продам Audi Q5 2016г.,529 548 грн.,https://www.olx.ua/uk/obyavlenie/prodam-audi-q5-2016g-IDIvZQa.html#0af6146763
Ауди 80 б3,65 000 грн.,https://www.olx.ua/uk/obyavlenie/audi-80-b3-IDIvZPg.html#0af6146763;promoted
Ауді A4 b6,95 500 грн.,https://www.olx.ua/uk/obyavlenie/aud-a4-b6-IDIvZH1.html#3701422dbb
Продам,366 610 грн.,https://www.olx.ua/uk/obyavlenie/prodam-IDGPi8S.html#3701422dbb;promoted
Audi Q5 Premium,730 504 грн.,https://www.olx.ua/uk/obyavlenie/audi-q5-premium-IDH4zwU.html#3701422dbb
AUDI A8 d2,122 203 грн.,https://www.olx.ua/uk/obyavlenie/audi-a8-d2-IDIvZob.html#3701422dbb;promoted
AUDI A4 B8 2.0 tdi 2011 рік,297 361 грн.,https://www.olx.ua/uk/obyavlenie/audi-a4-b8-2-0-tdi-2011-rk-IDHSg6m.html#3701422dbb
Продам Audi A4 2.5,161 553 грн.,https://www.olx.ua/uk/obyavlenie/prodam-audi-a4-2-5-IDIvZaD.html#3701422dbb;promoted
2013 Audi A4 Allroad Quattro,386 977 грн.,https://www.olx.ua/uk/obyavlenie/2013-audi-a4-allroad-quattro-IDIvZ8n.html#3701422dbb
Ауди а6с5 обмен,30 000 грн.,https://www.olx.ua/uk/obyavlenie/audi-a6s5-obmen-IDIs3B6.html#3701422dbb
Срочно! Продам Ауди а8 3.7 квадро. Цена снижена!,122 203 грн.,https://www.olx.ua/uk/obyavlenie/srochno-prodam-audi-a8-3-7-kvadro-tsena-snizhena-IDHfqYj.html#3701422dbb
Продам авто,122 203 грн.,https://www.olx.ua/uk/obyavlenie/prodam-avto-IDIvYT2.html#3701422dbb
Продам ауди,67 891 грн.,https://www.olx.ua/uk/obyavlenie/prodam-audi-IDHBzdC.html#3701422dbb
Продам Audi A4 2015г.,325 876 грн.,https://www.olx.ua/uk/obyavlenie/prodam-audi-a4-2015g-IDIvYfE.html#3701422dbb
Audi A6 C6 S-line,206 388 грн.,https://www.olx.ua/uk/obyavlenie/audi-a6-c6-s-line-IDIvYwa.html#3701422dbb
Продам audi a6 2002 года,70 606 грн.,https://www.olx.ua/uk/obyavlenie/prodam-audi-a6-2002-goda-IDIdt7Z.html#3701422dbb
Продается автомобиль Audi 80,32 588 грн.,https://www.olx.ua/uk/obyavlenie/prodaetsya-avtomobil-audi-80-IDIvXJ1.html#3701422dbb
Продам AUDI,86 900 грн.,https://www.olx.ua/uk/obyavlenie/prodam-audi-IDIvXHZ.html#3701422dbb
Audi a4 2010p,293 288 грн.,https://www.olx.ua/uk/obyavlenie/audi-a4-2010p-IDHTZwN.html#3701422dbb
А3 2.0дізель,77 395 грн.,https://www.olx.ua/uk/obyavlenie/a3-2-0dzel-IDIvXrm.html#3701422dbb
Audi A-6 Официал,268 847 грн.,https://www.olx.ua/uk/obyavlenie/audi-a-6-ofitsial-IDIkrsq.html#3701422dbb;promoted
Audi A4 2013,244 407 грн.,https://www.olx.ua/uk/obyavlenie/audi-a4-2013-IDIkreY.html#3701422dbb;promoted
2017 Audi Q3 Glacier White Metallic,562 135 грн.,https://www.olx.ua/uk/obyavlenie/2017-audi-q3-glacier-white-metallic-IDIriQ7.html#3701422dbb
Продам надійне авто Audi 80 переходка.,47 524 грн.,https://www.olx.ua/uk/obyavlenie/prodam-nadyne-avto-audi-80-perehodka-IDIvVos.html#3701422dbb
Ауди All road 2008 возможен размен!любая регистрация!,322 834 грн.,https://www.olx.ua/uk/obyavlenie/audi-all-road-2008-vozmozhen-razmen-lyubaya-registratsiya-IDH3xdc.html#3701422dbb;promoted
AUDI A7 S-line,649 036 грн.,https://www.olx.ua/uk/obyavlenie/audi-a7-s-line-IDIvWR6.html#3701422dbb
Audi A6c5 салон шкіра s-line.,179 232 грн.,https://www.olx.ua/uk/obyavlenie/audi-a6c5-salon-shkra-s-line-IDGCBsm.html#3701422dbb
Ауді 80,29 872 грн.,https://www.olx.ua/uk/obyavlenie/aud-80-IDIeY2N.html#3701422dbb
Audi A3 Premium 2016,374 757 грн.,https://www.olx.ua/uk/obyavlenie/audi-a3-premium-2016-IDIvWAx.html#3701422dbb
Audi A3,306 866 грн.,https://www.olx.ua/uk/obyavlenie/audi-a3-IDIvWoo.html#3701422dbb
Продам АУДІ 80 В4 універсал 2.3 газ бензин,119 461 грн.,https://www.olx.ua/uk/obyavlenie/prodam-aud-80-v4-unversal-2-3-gaz-benzin-IDIvWmY.html#3701422dbb
2016 Audi TT,776 670 грн.,https://www.olx.ua/uk/obyavlenie/2016-audi-tt-IDIriCk.html#3701422dbb
AUDI A4 2.0,238 975 грн.,https://www.olx.ua/uk/obyavlenie/audi-a4-2-0-IDIeC2c.html#3701422dbb
Audi a8d3,108 625 грн.,https://www.olx.ua/uk/obyavlenie/audi-a8d3-IDIvWao.html#3701422dbb;promoted
Продам машину ауді А6,407 345 грн.,https://www.olx.ua/uk/obyavlenie/prodam-mashinu-aud-a6-IDH08sq.html#3701422dbb
Audi A6 C6 Quattro 3.2 АУДИ,130 350 грн.,https://www.olx.ua/uk/obyavlenie/audi-a6-c6-quattro-3-2-audi-IDEzU6u.html#3701422dbb;promoted
Ауди а6 с6 Quattro,244 407 грн.,https://www.olx.ua/uk/obyavlenie/audi-a6-s6-quattro-IDE7wfC.html#3701422dbb
Audi Q7,624 595 грн.,https://www.olx.ua/uk/obyavlenie/audi-q7-IDIvURI.html#3701422dbb
Audi 100,40 734 грн.,https://www.olx.ua/uk/obyavlenie/audi-100-IDIvUNZ.html#3701422dbb
Audi A4,65 175 грн.,https://www.olx.ua/uk/obyavlenie/audi-a4-IDIvTNm.html#3701422dbb
Продам Audi A4,296 004 грн.,https://www.olx.ua/uk/obyavlenie/prodam-audi-a4-IDIutVn.html#3701422dbb;promoted
